City_ID,City,Lat,Lng,Max Temp,Humidity,Cloudiness,Wind Speed,Country,Date
0,Bredasdorp,-34.5322,20.0403,66.2,72,81,6.93,ZA,2021-01-07 01:55:23
1,Dwarka,22.2394,68.9678,65.79,55,1,14.7,IN,2021-01-07 01:55:23
2,Hobart,-42.8794,147.3294,73.0,51,20,12.75,AU,2021-01-07 01:55:23
3,Punta Arenas,-53.15,-70.9167,50.0,87,81,8.05,CL,2021-01-07 01:52:09
4,Tocopilla,-22.092,-70.1979,68.76,64,0,2.86,CL,2021-01-07 01:55:24
5,Busselton,-33.65,115.3333,89.01,32,99,1.99,AU,2021-01-07 01:55:24
6,Hilo,19.7297,-155.09,80.6,61,75,3.36,US,2021-01-07 01:53:26
7,Saskylakh,71.9167,114.0833,9.46,92,100,27.65,RU,2021-01-07 01:55:24
8,Mahebourg,-20.4081,57.7,71.6,88,40,3.36,MU,2021-01-07 01:55:25
9,Harper,4.375,-7.7169,78.51,85,96,8.86,LR,2021-01-07 01:55:25
10,Ushuaia,-54.8,-68.3,55.4,58,75,5.82,AR,2021-01-07 01:55:26
11,Lebu,-37.6167,-73.65,57.87,91,30,12.66,CL,2021-01-07 01:55:26
12,Balkanabat,39.5108,54.3671,35.31,64,0,9.84,TM,2021-01-07 01:55:26
13,Puerto Ayora,-0.7393,-90.3518,73.0,91,24,1.99,EC,2021-01-07 01:55:27
14,Avarua,-21.2078,-159.775,84.2,74,4,10.29,CK,2021-01-07 01:55:27
15,Albany,42.6001,-73.9662,30.99,73,90,8.99,US,2021-01-07 01:55:27
16,Nikolskoye,59.7035,30.7861,26.6,86,90,11.18,RU,2021-01-07 01:55:28
17,Butaritari,3.0707,172.7902,82.27,80,0,19.73,KI,2021-01-07 01:55:28
18,Dikson,73.5069,80.5464,13.71,96,100,25.52,RU,2021-01-07 01:55:28
19,Kuching,1.55,110.3333,80.6,88,20,2.24,MY,2021-01-07 01:55:28
20,Hithadhoo,-0.6,73.0833,82.63,78,91,16.91,MV,2021-01-07 01:55:28
21,Sitka,57.0531,-135.33,41.0,75,90,12.75,US,2021-01-07 01:55:29
22,Cape Town,-33.9258,18.4232,64.4,82,0,10.29,ZA,2021-01-07 01:55:23
23,Tuktoyaktuk,69.4541,-133.0374,-23.8,74,5,4.7,CA,2021-01-07 01:55:29
24,Ginir,7.1333,40.7,53.01,58,0,2.39,ET,2021-01-07 01:55:29
25,Vaini,-21.2,-175.2,86.0,79,40,8.05,TO,2021-01-07 01:55:30
26,Khandyga,62.6667,135.6,-46.01,77,89,2.26,RU,2021-01-07 01:55:30
27,Orange Cove,36.6244,-119.3137,54.0,100,1,6.93,US,2021-01-07 01:55:30
28,Thompson,55.7435,-97.8558,23.0,100,90,4.7,CA,2021-01-07 01:50:38
29,Bubaque,11.2833,-15.8333,79.65,75,29,8.99,GW,2021-01-07 01:55:31
30,Coihaique,-45.5752,-72.0662,57.2,62,40,6.93,CL,2021-01-07 01:55:31
31,Lavrentiya,65.5833,-171.0,-13.34,84,71,6.64,RU,2021-01-07 01:55:31
32,Bambous Virieux,-20.3428,57.7575,73.0,88,40,3.36,MU,2021-01-07 01:55:31
33,New Norfolk,-42.7826,147.0587,73.0,40,0,1.99,AU,2021-01-07 01:55:32
34,Bluff,-46.6,168.3333,61.0,89,100,5.99,NZ,2021-01-07 01:55:32
35,Arraial Do Cabo,-22.9661,-42.0278,75.43,89,99,21.09,BR,2021-01-07 01:51:21
36,Yulara,-25.2406,130.9889,82.4,17,0,13.87,AU,2021-01-07 01:55:32
37,Tirat Karmel,32.7617,34.9719,64.0,55,100,3.0,IL,2021-01-07 01:55:33
38,Phalaborwa,-23.943,31.1411,68.0,94,100,11.41,ZA,2021-01-07 01:55:33
39,Kenai,60.5544,-151.2583,28.99,68,75,19.46,US,2021-01-07 01:55:33
40,Souillac,-20.5167,57.5167,71.6,88,40,3.36,MU,2021-01-07 01:55:33
41,Esperance,-33.8667,121.9,69.8,46,0,13.87,AU,2021-01-07 01:55:33
42,Kapaa,22.0752,-159.319,78.8,74,20,16.11,US,2021-01-07 01:55:34
43,Iqaluit,63.7506,-68.5145,-18.4,61,20,14.99,CA,2021-01-07 01:55:34
44,Georgetown,5.4112,100.3354,81.0,83,20,4.7,MY,2021-01-07 01:55:17
45,Roald,62.5833,6.1333,33.8,59,6,12.75,NO,2021-01-07 01:55:34
46,Port Elizabeth,-33.918,25.5701,62.6,93,0,6.44,ZA,2021-01-07 01:55:35
47,East London,-33.0153,27.9116,67.48,80,0,7.83,ZA,2021-01-07 01:55:35
48,Pacific Grove,36.6177,-121.9166,55.99,71,1,7.11,US,2021-01-07 01:55:35
49,Asau,46.4333,26.4,35.01,72,100,3.15,RO,2021-01-07 01:55:35
50,Saint-Philippe,-21.3585,55.7679,75.2,69,20,8.05,RE,2021-01-07 01:55:36
51,Kalemie,-5.9475,29.1947,70.12,84,51,2.04,CD,2021-01-07 01:55:36
52,Daru,-9.0763,143.2092,85.8,75,96,3.8,PG,2021-01-07 01:55:36
53,Manggar,-2.8833,108.2667,83.08,75,100,7.18,ID,2021-01-07 01:55:36
54,Kavieng,-2.5744,150.7967,84.4,71,84,6.96,PG,2021-01-07 01:55:37
55,Vostok,46.4856,135.8833,-9.13,85,100,3.87,RU,2021-01-07 01:55:37
56,Vilyuysk,63.7553,121.6247,-10.79,90,100,6.17,RU,2021-01-07 01:55:37
57,Prince Rupert,54.3161,-130.3201,44.6,86,90,9.17,CA,2021-01-07 01:55:37
58,Alvaraes,-3.2208,-64.8042,74.07,96,88,1.52,BR,2021-01-07 01:55:38
59,Huarmey,-10.0681,-78.1522,70.54,76,96,5.61,PE,2021-01-07 01:55:38
60,Rikitea,-23.1203,-134.9692,77.9,61,0,7.36,PF,2021-01-07 01:55:38
61,Changji,44.0167,87.3167,-9.4,83,0,2.24,CN,2021-01-07 01:55:38
62,Chapais,49.7834,-74.8492,21.2,92,90,14.99,CA,2021-01-07 01:55:39
63,Anadyr,64.75,177.4833,-20.0,68,0,6.71,RU,2021-01-07 01:55:39
64,Atuona,-9.8,-139.0333,77.41,75,1,15.26,PF,2021-01-07 01:55:39
65,Christchurch,-43.5333,172.6333,79.0,50,69,17.22,NZ,2021-01-07 01:51:54
66,Provideniya,64.3833,-173.3,-6.61,83,11,4.65,RU,2021-01-07 01:55:40
67,Margate,51.3813,1.3862,37.99,76,100,5.01,GB,2021-01-07 01:55:40
68,Linhares,-19.3911,-40.0722,72.09,88,68,3.53,BR,2021-01-07 01:55:40
69,Dingle,10.9995,122.6711,82.04,79,24,13.35,PH,2021-01-07 01:55:41
70,Portland,45.5234,-122.6762,46.99,100,90,9.17,US,2021-01-07 01:53:43
71,Ulladulla,-35.35,150.4667,66.0,100,75,14.99,AU,2021-01-07 01:55:41
72,Coracao De Jesus,-16.6853,-44.365,69.64,88,100,4.09,BR,2021-01-07 01:55:41
73,Imbituba,-28.24,-48.6703,77.0,88,20,2.24,BR,2021-01-07 01:55:41
74,Pokhara,28.2333,83.9833,61.11,28,0,5.79,NP,2021-01-07 01:55:42
75,Ilulissat,69.2167,-51.1,30.2,80,100,17.22,GL,2021-01-07 01:55:42
76,Hermanus,-34.4187,19.2345,64.0,79,5,9.53,ZA,2021-01-07 01:55:42
77,Kuna,43.4918,-116.4201,39.99,80,20,8.05,US,2021-01-07 01:52:22
78,Hirara,24.8,125.2833,59.0,93,75,20.8,JP,2021-01-07 01:55:42
79,Lompoc,34.6391,-120.4579,55.4,76,1,8.05,US,2021-01-07 01:55:43
80,Mataura,-46.1927,168.8643,61.0,89,100,5.99,NZ,2021-01-07 01:55:43
81,Katsuura,35.1333,140.3,52.0,32,40,31.09,JP,2021-01-07 01:55:43
82,Faya,18.3851,42.4509,51.8,93,0,2.24,SA,2021-01-07 01:55:44
83,Mar Del Plata,-38.0023,-57.5575,68.0,94,75,6.93,AR,2021-01-07 01:55:44
84,Mangan,27.5167,88.5333,59.79,32,5,3.94,IN,2021-01-07 01:55:44
85,Kalmar,56.6616,16.3616,34.0,100,100,6.93,SE,2021-01-07 01:55:44
86,Luderitz,-26.6481,15.1594,64.4,68,0,10.29,NA,2021-01-07 01:55:44
87,Salinopolis,-0.6136,-47.3561,80.55,79,45,10.13,BR,2021-01-07 01:55:45
88,Port Alfred,-33.5906,26.891,66.0,91,0,4.0,ZA,2021-01-07 01:55:45
89,Nanortalik,60.1432,-45.2371,34.36,88,100,10.4,GL,2021-01-07 01:55:45
90,Tiksi,71.6872,128.8694,-18.45,86,100,39.53,RU,2021-01-07 01:55:46
91,Tasiilaq,65.6145,-37.6368,17.6,61,100,2.24,GL,2021-01-07 01:55:46
92,Ribeira Grande,38.5167,-28.7,57.79,65,13,28.27,PT,2021-01-07 01:55:46
93,Praia,14.9215,-23.5087,77.0,33,20,10.29,CV,2021-01-07 01:55:46
94,Port Lincoln,-34.7333,135.8667,65.1,62,26,14.07,AU,2021-01-07 01:55:47
95,Poli,-3.3333,36.8,68.0,93,20,4.45,TZ,2021-01-07 01:55:47
96,Chokurdakh,70.6333,147.9167,-17.03,89,99,11.61,RU,2021-01-07 01:55:47
97,Pevek,69.7008,170.3133,-10.84,90,100,10.27,RU,2021-01-07 01:55:48
98,Barrow,71.2906,-156.7887,-14.8,83,90,3.36,US,2021-01-07 01:55:48
99,Jamestown,42.097,-79.2353,30.99,92,90,9.17,US,2021-01-07 01:55:48
100,Madimba,-10.4,40.3333,80.6,83,75,11.41,TZ,2021-01-07 01:55:49
101,Pervomayskiy,53.2485,40.2871,21.99,87,100,7.27,RU,2021-01-07 01:55:49
102,Cidreira,-30.1811,-50.2056,74.34,88,100,6.44,BR,2021-01-07 01:55:49
103,Waddan,29.1614,16.139,57.4,52,72,7.38,LY,2021-01-07 01:55:49
104,Aquiraz,-3.9014,-38.3911,82.4,74,40,12.75,BR,2021-01-07 01:55:50
105,Canon City,38.441,-105.2424,33.8,37,1,0.94,US,2021-01-07 01:55:50
106,Narsaq,60.9167,-46.05,23.0,67,75,8.37,GL,2021-01-07 01:55:50
107,Trindade,-16.6494,-49.4889,78.8,69,20,4.7,BR,2021-01-07 01:52:18
108,Aklavik,68.2191,-135.0107,-20.2,75,0,4.7,CA,2021-01-07 01:55:50
109,Douglas,41.3,-96.167,35.01,98,90,6.93,US,2021-01-07 01:52:31
110,Nicoya,10.1483,-85.452,77.0,78,0,0.78,CR,2021-01-07 01:55:51
111,San Patricio,28.017,-97.5169,66.2,48,1,16.11,US,2021-01-07 01:55:51
112,Yerofey Pavlovich,53.9667,121.9667,-16.98,81,100,3.83,RU,2021-01-07 01:55:51
113,Chicama,-7.8447,-79.1469,70.99,74,100,5.03,PE,2021-01-07 01:55:52
114,Marsh Harbour,26.5412,-77.0636,68.16,58,87,9.17,BS,2021-01-07 01:55:52
115,Kirakira,-10.4544,161.9205,86.79,64,52,6.51,SB,2021-01-07 01:55:52
116,Morondava,-20.2833,44.2833,79.61,76,95,5.64,MG,2021-01-07 01:55:52
117,Salalah,17.0151,54.0924,68.0,40,0,8.05,OM,2021-01-07 01:55:52
118,Kalmunai,7.4167,81.8167,78.03,83,100,5.35,LK,2021-01-07 01:55:53
119,Kahului,20.8947,-156.47,84.2,51,20,18.34,US,2021-01-07 01:54:07
120,Aizkraukle,56.6048,25.2553,28.99,91,97,5.99,LV,2021-01-07 01:55:53
121,Fukuma,33.7667,130.4667,35.01,69,75,21.92,JP,2021-01-07 01:52:11
122,Cabo San Lucas,22.8909,-109.9124,69.8,49,20,5.82,MX,2021-01-07 01:52:04
123,Karratha,-20.7377,116.8463,94.51,28,19,14.45,AU,2021-01-07 01:55:54
124,Havre-Saint-Pierre,50.2334,-63.5986,33.8,64,90,16.11,CA,2021-01-07 01:55:54
125,Hualmay,-11.0964,-77.6139,70.02,78,49,6.73,PE,2021-01-07 01:55:54
126,Porbandar,21.6422,69.6093,61.0,60,48,13.24,IN,2021-01-07 01:55:55
127,Carnarvon,-24.8667,113.6333,91.4,38,100,6.93,AU,2021-01-07 01:55:55
128,Kaitangata,-46.2817,169.8464,59.2,96,100,5.5,NZ,2021-01-07 01:55:55
129,Haines Junction,60.7522,-137.5108,19.63,93,100,5.48,CA,2021-01-07 01:55:55
130,Peachland,49.7665,-119.7357,37.0,85,88,4.7,CA,2021-01-07 01:55:56
131,Antofagasta,-23.65,-70.4,66.2,88,40,11.41,CL,2021-01-07 01:55:56
132,Zalantun,48.0,122.7167,-11.96,74,82,12.88,CN,2021-01-07 01:55:20
133,Toda Raisingh,26.0252,75.4849,52.81,69,0,4.85,IN,2021-01-07 01:55:56
134,Baykit,61.67,96.37,-11.4,85,96,5.64,RU,2021-01-07 01:55:56
135,Cascais,38.6979,-9.4215,45.0,58,100,15.19,PT,2021-01-07 01:55:57
136,Hasaki,35.7333,140.8333,52.0,27,75,21.92,JP,2021-01-07 01:55:57
137,Greymouth,-42.4667,171.2,63.1,87,100,3.85,NZ,2021-01-07 01:51:04
138,Devils Lake,48.1128,-98.8651,30.2,92,90,9.17,US,2021-01-07 01:55:57
139,Viedma,-40.8135,-62.9967,64.0,83,74,1.99,AR,2021-01-07 01:54:27
140,Petauke,-14.2426,31.3253,66.49,97,100,3.83,ZM,2021-01-07 01:55:58
141,Sept-Iles,50.2001,-66.3821,30.2,58,17,8.05,CA,2021-01-07 01:55:58
142,Port-Cartier,50.0334,-66.8654,30.2,58,8,8.05,CA,2021-01-07 01:55:58
143,Victoria,22.2855,114.1577,61.0,68,51,1.99,HK,2021-01-07 01:53:57
144,Qaanaaq,77.484,-69.3632,-15.92,77,1,2.39,GL,2021-01-07 01:55:59
145,Araguari,-18.6472,-48.1872,73.4,73,0,6.93,BR,2021-01-07 01:55:59
146,Kapoeta,4.7717,33.5903,79.34,32,69,7.52,SS,2021-01-07 01:56:00
147,Flinders,-34.5833,150.8552,71.01,78,39,4.0,AU,2021-01-07 01:51:48
148,Megion,61.0296,76.1136,-20.2,75,0,2.24,RU,2021-01-07 01:56:00
149,Nome,64.5011,-165.4064,8.6,71,90,3.36,US,2021-01-07 01:52:23
150,Codrington,-38.2667,141.9667,66.81,73,92,11.07,AU,2021-01-07 01:56:01
151,Buala,-8.145,159.5921,86.61,65,93,6.8,SB,2021-01-07 01:56:01
152,Cherskiy,68.75,161.3,-14.33,89,100,7.96,RU,2021-01-07 01:56:01
153,Seoul,37.5683,126.9778,6.8,50,1,6.93,KR,2021-01-07 01:55:21
154,Durban,-29.8579,31.0292,70.0,82,20,6.93,ZA,2021-01-07 01:56:02
155,Faanui,-16.4833,-151.75,81.52,71,7,10.42,PF,2021-01-07 01:56:02
156,Mount Gambier,-37.8333,140.7667,69.8,52,75,13.87,AU,2021-01-07 01:56:02
157,Westport,41.1415,-73.3579,34.0,51,0,13.51,US,2021-01-07 01:56:02
158,Kamenka,51.3223,42.7678,27.0,96,100,1.01,RU,2021-01-07 01:56:03
159,Gat,31.61,34.7642,61.0,57,33,3.0,IL,2021-01-07 01:55:00
160,Monywa,22.1167,95.1333,71.26,62,22,3.56,MM,2021-01-07 01:56:03
161,Sechura,-5.5569,-80.8222,72.25,74,21,9.91,PE,2021-01-07 01:56:03
162,Farah,32.5,62.5,22.5,90,0,2.77,AF,2021-01-07 01:56:03
163,Airai,-8.9266,125.4092,73.98,78,90,1.83,TL,2021-01-07 01:56:04
164,Am Timan,11.0297,20.2827,66.51,25,0,6.44,TD,2021-01-07 01:56:04
165,Torbay,47.6666,-52.7314,37.99,100,90,11.41,CA,2021-01-07 01:56:04
166,Copiapo,-27.3667,-70.3333,60.8,82,0,10.29,CL,2021-01-07 01:56:04
167,Robertsport,6.7533,-11.3686,80.55,83,10,10.09,LR,2021-01-07 01:56:05
168,Mount Pleasant,32.7941,-79.8626,46.0,81,75,7.27,US,2021-01-07 01:53:16
169,Murgab,37.4966,61.9714,24.8,85,90,3.22,TM,2021-01-07 01:56:05
170,Saldanha,-33.0117,17.9442,59.0,82,0,5.82,ZA,2021-01-07 01:56:05
171,Baherden,38.4362,57.4316,29.25,83,0,7.52,TM,2021-01-07 01:54:07
172,Geraldton,-28.7667,114.6,96.8,13,0,24.16,AU,2021-01-07 01:56:06
173,Houston,29.7633,-95.3633,57.99,76,90,14.99,US,2021-01-07 01:54:46
174,Caravelas,-17.7125,-39.2481,74.52,86,0,5.68,BR,2021-01-07 01:56:06
175,Kaduqli,11.0167,29.7167,70.86,23,0,11.27,SD,2021-01-07 01:56:07
176,Foindu,7.4108,-11.5422,75.36,93,59,1.41,SL,2021-01-07 01:56:07
177,Tanabe,33.7333,135.3667,50.0,53,75,11.41,JP,2021-01-07 01:56:07
178,Yellowknife,62.456,-114.3525,17.01,92,90,10.29,CA,2021-01-07 01:52:56
179,Mopipi,-21.1833,24.8833,80.46,49,100,3.94,BW,2021-01-07 01:56:07
180,Bairnsdale,-37.8333,147.6167,69.01,66,90,8.01,AU,2021-01-07 01:56:08
181,Bonavista,48.6499,-53.1147,37.4,93,100,1.12,CA,2021-01-07 01:56:08
182,Pangnirtung,66.1451,-65.7125,-18.18,83,100,2.17,CA,2021-01-07 01:56:08
183,Berlevag,70.8578,29.0864,30.29,92,79,14.74,NO,2021-01-07 01:56:08
184,Biltine,14.5333,20.9167,71.64,19,0,13.76,TD,2021-01-07 01:56:09
185,Namibe,-15.1961,12.1522,70.81,79,92,4.59,AO,2021-01-07 01:56:09
186,Uribia,11.7139,-72.266,78.31,71,43,8.5,CO,2021-01-07 01:56:09
187,Agua Branca,-5.8922,-42.6361,78.76,66,50,1.5,BR,2021-01-07 01:56:09
188,Villa Constitucion,-33.2278,-60.3297,75.0,63,0,4.12,AR,2021-01-07 01:55:07
189,Flin Flon,54.7682,-101.865,19.78,97,100,7.23,CA,2021-01-07 01:56:10
190,Baruun-Urt,46.6806,113.2792,-25.56,80,0,8.41,MN,2021-01-07 01:56:10
191,Zhezkazgan,47.8043,67.7144,-13.77,84,0,7.38,KZ,2021-01-07 01:56:10
192,Alice Springs,-23.7,133.8833,82.4,23,0,16.11,AU,2021-01-07 01:56:10
193,Moranbah,-22.0016,148.0466,87.26,56,32,7.63,AU,2021-01-07 01:56:11
194,Hambantota,6.1241,81.1185,73.4,100,40,1.12,LK,2021-01-07 01:56:11
195,Coahuayana,18.7333,-103.6833,75.2,64,75,2.01,MX,2021-01-07 01:56:11
196,Longyearbyen,78.2186,15.6401,17.6,72,75,4.7,SJ,2021-01-07 01:56:11
197,Antalaha,-14.9003,50.2788,74.14,86,88,5.59,MG,2021-01-07 01:56:12
198,Husavik,66.0449,-17.3389,24.8,62,90,10.29,IS,2021-01-07 01:56:12
199,Fairbanks,64.8378,-147.7164,-5.8,83,75,2.24,US,2021-01-07 01:53:46
200,Bonthe,7.5264,-12.505,78.76,86,87,6.49,SL,2021-01-07 01:56:12
201,Moree,-29.4667,149.85,75.2,69,90,9.17,AU,2021-01-07 01:56:12
202,Norman Wells,65.282,-126.8329,-18.4,75,75,2.24,CA,2021-01-07 01:56:13
203,Rutland,43.6167,-73.0162,25.0,85,90,10.29,US,2021-01-07 01:56:13
204,Beitbridge,-22.2167,30.0,76.59,76,100,21.32,ZW,2021-01-07 01:56:13
205,Mattru,7.6244,-11.8332,74.98,93,42,1.01,SL,2021-01-07 01:56:13
206,Fort Morgan,40.2503,-103.8,28.4,58,40,9.17,US,2021-01-07 01:56:14
207,Hami,42.8,93.45,5.79,68,21,0.96,CN,2021-01-07 01:56:14
208,Belen,36.4891,36.2233,46.4,70,75,4.7,TR,2021-01-07 01:56:14
209,Okato,-39.2,173.8833,64.0,93,100,3.0,NZ,2021-01-07 01:56:14
210,Udachnyy,66.4167,112.4,14.0,92,90,8.95,RU,2021-01-07 01:56:14
211,Grand-Lahou,5.1367,-5.0242,79.03,85,73,10.98,CI,2021-01-07 01:56:15
212,Erzin,36.9559,36.2,46.4,70,75,4.7,TR,2021-01-07 01:56:15
213,Alofi,-19.0595,-169.9187,76.62,90,100,27.83,NU,2021-01-07 01:56:15
214,Lyuban,52.7985,28.0048,33.19,96,100,8.9,BY,2021-01-07 01:56:15
215,Raga,8.4596,25.678,63.97,29,0,3.29,SS,2021-01-07 01:56:16
216,Muros,42.7762,-9.0603,36.0,85,0,1.01,ES,2021-01-07 01:56:16
217,Carlos Chagas,-17.7031,-40.7664,71.55,80,23,6.42,BR,2021-01-07 01:56:16
218,Uarini,-2.99,-65.1083,73.62,96,96,2.06,BR,2021-01-07 01:56:17
219,Progreso,21.2833,-89.6667,73.4,78,20,11.9,MX,2021-01-07 01:56:17
220,Castro,-24.7911,-50.0119,65.68,96,80,4.97,BR,2021-01-07 01:56:17
221,Vila Franca Do Campo,37.7167,-25.4333,55.4,62,20,18.34,PT,2021-01-07 01:56:17
222,Vrangel,42.7297,133.0839,7.21,81,100,22.82,RU,2021-01-07 01:56:17
223,Upernavik,72.7868,-56.1549,9.21,91,100,19.89,GL,2021-01-07 01:56:18
224,Melo,-32.3667,-54.1833,72.36,75,74,6.24,UY,2021-01-07 01:56:18
225,Vozhega,60.4725,40.2213,3.54,95,81,4.32,RU,2021-01-07 01:56:18
226,Makat,47.6469,53.3463,17.76,96,100,16.22,KZ,2021-01-07 01:56:18
227,Sur,22.5667,59.5289,66.47,53,0,17.67,OM,2021-01-07 01:56:19
228,Tazovskiy,67.4667,78.7,-10.48,90,100,15.37,RU,2021-01-07 01:56:19
229,Darnah,32.767,22.6367,57.54,76,23,6.91,LY,2021-01-07 01:52:36
230,Saint George,37.1041,-113.5841,48.2,29,1,3.36,US,2021-01-07 01:56:19
231,Abha,18.2164,42.5053,51.8,93,0,1.97,SA,2021-01-07 01:56:20
232,Ambanja,-13.6833,48.45,73.33,88,73,3.22,MG,2021-01-07 01:56:20
233,Smolenskaya,44.7887,38.8018,39.0,86,0,4.47,RU,2021-01-07 01:56:20
234,Devonport,-41.1667,146.35,70.0,64,26,8.68,AU,2021-01-07 01:56:20
235,Batagay-Alyta,67.8006,130.4114,-12.33,85,100,3.47,RU,2021-01-07 01:56:21
236,Gulariya,28.2333,81.3333,58.8,48,0,5.19,NP,2021-01-07 01:56:21
237,Bandarbeyla,9.4942,50.8122,71.96,72,41,17.34,SO,2021-01-07 01:56:21
238,Saint-Prosper,46.2117,-70.4811,19.4,92,100,2.95,CA,2021-01-07 01:56:21
239,Vao,-22.6667,167.4833,79.27,81,0,16.84,NC,2021-01-07 01:56:22
240,Gua Musang,4.8823,101.9644,77.92,84,100,1.14,MY,2021-01-07 01:56:22
241,Salamiyah,35.0113,37.0532,50.72,70,100,1.41,SY,2021-01-07 01:56:22
242,Rome,34.257,-85.1647,42.8,56,1,4.7,US,2021-01-07 01:54:05
243,Mikhaylovka,50.06,43.2379,30.99,94,100,5.99,RU,2021-01-07 01:56:23
244,Pedernales,18.0384,-71.744,76.01,68,3,3.94,DO,2021-01-07 01:56:23
245,Simao,22.7886,100.9748,61.56,75,0,2.93,CN,2021-01-07 01:56:23
246,Kodiak,57.79,-152.4072,35.6,93,90,12.75,US,2021-01-07 01:56:23
247,Beauvais,49.4167,2.0,33.8,93,100,5.82,FR,2021-01-07 01:56:24
248,Stornoway,58.2093,-6.3865,35.01,86,93,4.7,GB,2021-01-07 01:56:24
249,Bengkulu,-3.8004,102.2655,80.71,79,42,11.25,ID,2021-01-07 01:56:24
250,Avera,33.194,-82.5271,42.8,81,1,4.7,US,2021-01-07 01:56:25
251,Silvania,-16.6589,-48.6081,78.8,83,40,3.36,BR,2021-01-07 01:56:25
252,Tessalit,20.1986,1.0114,66.92,23,14,9.69,ML,2021-01-07 01:56:25
253,Byron Bay,-28.65,153.6167,71.6,94,90,17.22,AU,2021-01-07 01:56:25
254,Ancud,-41.8697,-73.8203,57.99,76,90,14.99,CL,2021-01-07 01:53:01
255,Ostrovnoy,68.0531,39.5131,14.09,95,72,14.38,RU,2021-01-07 01:56:26
256,Port Hedland,-20.3167,118.5667,95.0,28,0,17.22,AU,2021-01-07 01:56:26
257,Rincon,32.296,-81.2354,48.2,66,90,3.85,US,2021-01-07 01:56:26
258,Limbang,4.75,115.0,82.4,83,75,2.24,MY,2021-01-07 01:56:27
259,Leningradskiy,69.3833,178.4167,-8.03,89,100,11.68,RU,2021-01-07 01:56:27
260,Mehamn,71.0357,27.8492,31.95,91,94,9.01,NO,2021-01-07 01:56:27
261,Ciochina,44.5833,27.0667,54.0,56,100,3.0,RO,2021-01-07 01:56:28
262,Kavaratti,10.5669,72.642,80.2,74,100,3.04,IN,2021-01-07 01:56:28
263,Kruisfontein,-34.0033,24.7314,58.91,94,0,1.97,ZA,2021-01-07 01:56:28
264,Cananea,30.95,-110.3,48.99,17,0,1.99,MX,2021-01-07 01:56:28
265,Hornepayne,49.2138,-84.7705,6.22,95,7,2.33,CA,2021-01-07 01:56:29
266,Waipawa,-41.4122,175.5153,73.4,60,17,26.4,NZ,2021-01-07 01:56:29
267,Tondano,1.3038,124.9112,80.6,83,40,3.36,ID,2021-01-07 01:56:29
268,Ucluelet,48.9329,-125.5528,46.0,100,75,4.7,CA,2021-01-07 01:53:09
269,Turukhansk,65.8167,87.9833,-19.73,87,100,11.54,RU,2021-01-07 01:56:29
270,Birao,10.2849,22.7882,68.32,23,0,6.85,CF,2021-01-07 01:56:30
271,Fortuna,40.5982,-124.1573,53.01,100,1,5.77,US,2021-01-07 01:56:30
272,Hovd,48.0056,91.6419,-10.97,70,0,0.56,MN,2021-01-07 01:56:30
273,Golden,39.7555,-105.2211,37.0,52,0,1.99,US,2021-01-07 01:52:10
274,Linxia,35.6003,103.2064,7.0,70,54,0.87,CN,2021-01-07 01:56:30
275,Mitchell,43.7094,-98.0298,33.8,98,90,4.7,US,2021-01-07 01:56:31
276,Meulaboh,4.1363,96.1285,80.67,79,94,3.38,ID,2021-01-07 01:56:31
277,George Town,5.4112,100.3354,81.0,83,20,4.7,MY,2021-01-07 01:55:17
278,Petropavlovsk-Kamchatskiy,53.0452,158.6483,10.4,66,71,4.47,RU,2021-01-07 01:56:31
279,Channel-Port Aux Basques,47.5702,-59.1367,41.45,92,99,6.64,CA,2021-01-07 01:56:32
280,Talnakh,69.4865,88.3972,-13.0,75,90,29.08,RU,2021-01-07 01:56:32
281,Grand Gaube,-20.0064,57.6608,73.0,80,42,3.0,MU,2021-01-07 01:56:32
282,Carbonear,47.7332,-53.2148,36.0,100,90,11.41,CA,2021-01-07 01:56:32
283,Kuchera,26.9839,73.9719,52.07,75,0,6.31,IN,2021-01-07 01:56:32
284,Amalapuram,16.5833,82.0167,71.6,88,75,5.82,IN,2021-01-07 01:54:14
285,College,64.8569,-147.8028,-5.8,69,75,2.91,US,2021-01-07 01:56:33
286,Malnas,46.0167,25.8333,37.0,83,100,1.99,RO,2021-01-07 01:56:33
287,Vestmannaeyjar,63.4427,-20.2734,26.56,88,0,21.74,IS,2021-01-07 01:56:33
288,Srednekolymsk,67.45,153.6833,-23.84,85,0,3.71,RU,2021-01-07 01:56:34
289,Gonen,40.1049,27.654,41.0,93,0,2.24,TR,2021-01-07 01:56:34
290,Mbumi,-7.9058,39.2105,73.9,96,25,1.66,TZ,2021-01-07 01:56:35
291,Quatre Cocos,-20.2078,57.7625,73.0,88,40,3.36,MU,2021-01-07 01:56:35
292,Iquique,-20.2208,-70.1431,73.4,60,75,11.41,CL,2021-01-07 01:56:35
293,Naze,28.3667,129.4833,57.2,81,75,13.87,JP,2021-01-07 01:56:36
294,Longjiang,47.3303,123.1836,-9.58,75,100,8.7,CN,2021-01-07 01:56:36
295,Seminole,28.7086,-81.2081,55.99,71,1,4.7,US,2021-01-07 01:56:36
296,Elk Point,42.6833,-96.6836,35.01,97,90,5.82,US,2021-01-07 01:56:37
297,Bulle,46.6195,7.0567,32.0,92,90,3.36,CH,2021-01-07 01:56:37
298,Rochelle,46.25,-1.0,35.6,93,52,4.7,FR,2021-01-07 01:56:37
299,Port Hardy,50.6996,-127.4199,44.6,93,40,5.82,CA,2021-01-07 01:56:37
300,Severo-Kurilsk,50.6789,156.125,21.07,89,16,16.26,RU,2021-01-07 01:56:38
301,Marshfield,44.6689,-90.1718,24.8,85,90,6.93,US,2021-01-07 01:56:38
302,Freetown,8.484,-13.2299,78.71,86,38,6.82,SL,2021-01-07 01:56:38
303,Karpathos,35.507,27.2132,55.4,71,19,2.24,GR,2021-01-07 01:56:38
304,Isangel,-19.55,169.2667,84.56,72,96,13.67,VU,2021-01-07 01:56:38
305,Kushima,31.4583,131.2333,44.6,65,75,24.16,JP,2021-01-07 01:56:39
306,Grajau,-5.8194,-46.1386,73.17,89,0,2.91,BR,2021-01-07 01:52:26
307,Emerald,-23.5333,148.1667,84.99,70,75,5.82,AU,2021-01-07 01:56:39
308,Yerbogachen,61.2767,108.0108,1.42,92,100,8.9,RU,2021-01-07 01:56:39
309,Saint-Leu,-21.15,55.2833,75.2,69,20,8.05,RE,2021-01-07 01:56:40
310,Chake Chake,-5.2459,39.7666,77.16,85,6,8.93,TZ,2021-01-07 01:56:40
311,Wawa,9.9022,4.4192,76.68,21,53,3.6,NG,2021-01-07 01:56:40
312,Tautira,-17.7333,-149.15,84.2,66,75,3.36,PF,2021-01-07 01:56:41
313,Hibbing,47.4272,-92.9377,23.0,92,90,4.23,US,2021-01-07 01:55:43
314,Sungaipenuh,-2.0833,101.3833,73.08,71,84,4.21,ID,2021-01-07 01:56:41
315,Harrison,30.4091,-89.0436,57.2,71,1,10.29,US,2021-01-07 01:56:12
316,Bethel,41.3712,-73.414,32.0,93,1,9.17,US,2021-01-07 01:56:41
317,Mpongwe,-13.5091,28.155,65.8,96,100,2.46,ZM,2021-01-07 01:56:42
318,Beringovskiy,63.05,179.3167,-15.81,87,9,8.32,RU,2021-01-07 01:56:42
319,Liverpool,53.4106,-2.9779,32.0,92,21,2.24,GB,2021-01-07 01:56:42
320,Svetlyy,54.675,20.1347,32.0,97,90,4.47,RU,2021-01-07 01:56:42
321,Havoysund,70.9963,24.6622,35.6,74,0,19.46,NO,2021-01-07 01:56:43
322,Gazanjyk,39.2446,55.5154,27.19,90,0,16.87,TM,2021-01-07 01:56:43
323,Lethem,3.3803,-59.7968,80.08,69,72,8.59,GY,2021-01-07 01:56:43
324,Tabas,33.5959,56.9244,37.4,47,0,6.93,IR,2021-01-07 01:56:43
325,Tashara,55.5195,83.5094,-16.19,87,78,7.87,RU,2021-01-07 01:56:44
326,Moose Factory,51.2585,-80.6094,12.2,85,90,4.7,CA,2021-01-07 01:56:44
327,Tuatapere,-46.1333,167.6833,61.0,89,100,5.99,NZ,2021-01-07 01:56:44
328,Ariquemes,-9.9133,-63.0408,73.22,97,100,2.64,BR,2021-01-07 01:56:45
329,Nanchang,28.6833,115.8833,35.2,76,99,18.12,CN,2021-01-07 01:56:45
330,Saint-Lo,49.1162,-1.0903,37.4,95,75,6.93,FR,2021-01-07 01:56:45
331,Zhuhai,22.2769,113.5678,60.01,67,20,19.46,CN,2021-01-07 01:56:46
332,Murray Bridge,-35.1167,139.2667,70.0,56,0,5.99,AU,2021-01-07 01:56:46
333,Chervishevo,56.9464,65.4278,-14.8,75,0,6.71,RU,2021-01-07 01:56:46
334,Yendi,9.4427,-0.0099,77.49,21,28,2.13,GH,2021-01-07 01:56:46
335,Belmonte,-15.8631,-38.8828,78.8,69,0,10.29,BR,2021-01-07 01:56:46
336,Whitehorse,60.7161,-135.0538,26.6,79,75,12.75,CA,2021-01-07 01:56:47
337,Saint-Augustin,51.226,-58.6502,38.7,91,100,13.49,CA,2021-01-07 01:56:47
338,Ponta Do Sol,32.6667,-17.1,64.4,77,40,10.29,PT,2021-01-07 01:56:47
339,Ust-Kuyga,70.0167,135.6,-25.85,83,89,8.77,RU,2021-01-07 01:56:47
340,The Valley,18.217,-63.0578,77.0,83,20,3.36,AI,2021-01-07 01:56:48
341,Los Llanos De Aridane,28.6585,-17.9182,71.6,60,20,11.41,ES,2021-01-07 01:56:48
342,Dalvik,65.9702,-18.5286,24.8,62,90,10.29,IS,2021-01-07 01:56:48
343,Goya,-29.14,-59.2626,75.9,43,88,1.52,AR,2021-01-07 01:56:48
344,Nanakuli,21.3906,-158.1547,82.0,57,75,6.93,US,2021-01-07 01:56:48
345,Puerto Colombia,10.9878,-74.9547,78.8,83,20,10.29,CO,2021-01-07 01:56:49
346,Broken Hill,-31.95,141.4333,77.0,31,0,18.34,AU,2021-01-07 01:56:49
347,Sao Felix Do Xingu,-6.6447,-51.995,74.41,78,13,2.44,BR,2021-01-07 01:55:28
348,Saint-Pierre,-21.3393,55.4781,75.2,69,20,8.05,RE,2021-01-07 01:56:49
349,Basco,20.4487,121.9702,73.72,81,90,26.64,PH,2021-01-07 01:56:49
350,Dunedin,-45.8742,170.5036,61.2,89,100,12.57,NZ,2021-01-07 01:56:50
351,Ostersund,63.1792,14.6357,14.0,92,82,3.22,SE,2021-01-07 01:56:50
352,Manzanillo,20.3433,-77.1167,68.99,81,3,9.78,CU,2021-01-07 01:56:50
353,Wonthaggi,-38.6044,145.5913,73.0,67,13,12.93,AU,2021-01-07 01:56:51
354,Mariental,-24.6333,17.9667,77.0,78,100,3.36,NA,2021-01-07 01:56:51
355,Kamyaran,34.7956,46.9355,23.0,49,0,4.7,IR,2021-01-07 01:52:30
356,Chalus,36.655,51.4204,37.4,52,0,3.65,IR,2021-01-07 01:56:51
357,Yatou,37.15,122.3833,12.49,93,97,17.9,CN,2021-01-07 01:56:51
358,Camana,-16.6228,-72.7111,72.21,75,100,6.67,PE,2021-01-07 01:56:02
359,Palmer,42.1584,-72.3287,32.0,94,75,9.17,US,2021-01-07 01:56:52
360,Touros,-5.1989,-35.4608,78.8,78,40,9.17,BR,2021-01-07 01:56:52
361,Shimoda,34.6667,138.95,50.0,43,40,21.92,JP,2021-01-07 01:56:53
362,Tual,-5.6667,132.75,79.61,89,100,15.57,ID,2021-01-07 01:56:53
363,Egvekinot,66.3167,-179.1667,-21.08,87,4,2.1,RU,2021-01-07 01:56:53
364,Comodoro Rivadavia,-45.8667,-67.5,75.2,60,0,11.41,AR,2021-01-07 01:56:53
365,Cockburn Town,21.4612,-71.1419,75.15,82,10,17.74,TC,2021-01-07 01:56:54
366,Vila Velha,-20.3297,-40.2925,78.8,69,0,12.75,BR,2021-01-07 01:56:54
367,Bairiki,1.3292,172.9752,84.2,74,20,13.87,KI,2021-01-07 01:56:54
368,Macau,22.2006,113.5461,59.0,67,20,19.46,MO,2021-01-07 01:56:54
369,Zhanakorgan,43.9098,67.2495,10.02,78,25,4.41,KZ,2021-01-07 01:56:55
370,Giyani,-23.3025,30.7187,71.31,87,100,12.24,ZA,2021-01-07 01:56:55
371,Neuquen,-38.9516,-68.0591,78.8,34,0,5.82,AR,2021-01-07 01:56:55
372,Waitara,-38.925,174.25,59.0,93,100,3.0,NZ,2021-01-07 01:56:55
373,Saquisili,-0.8333,-78.6667,50.0,87,75,5.82,EC,2021-01-07 01:56:56
374,Hamilton,39.1834,-84.5333,36.0,64,90,9.17,US,2021-01-07 01:55:50
375,Tocoa,15.6833,-86.0,70.54,90,21,1.05,HN,2021-01-07 01:56:56
376,Rodrigues Alves,-7.738,-72.6509,70.32,98,100,1.77,BR,2021-01-07 01:56:56
377,Asfi,32.2994,-9.2372,64.17,84,6,24.16,MA,2021-01-07 01:56:56
378,Pozo Colorado,-23.4923,-58.7972,75.36,78,100,1.45,PY,2021-01-07 01:56:57
379,Cawayan,9.9718,122.6249,82.0,74,18,10.47,PH,2021-01-07 01:56:57
380,Domoni,-12.2569,44.5319,79.07,79,21,6.67,KM,2021-01-07 01:56:57
381,Seredka,58.1584,28.1858,28.4,92,100,4.47,RU,2021-01-07 01:56:57
382,Sembakung,3.8167,117.25,84.2,79,40,5.82,ID,2021-01-07 01:56:58
383,Virginia Beach,36.8529,-75.978,42.8,52,20,14.99,US,2021-01-07 01:53:19
384,Yara,20.2753,-76.9533,67.12,80,0,5.73,CU,2021-01-07 01:56:58
385,Rishikesh,30.1167,78.3167,55.02,42,0,6.13,IN,2021-01-07 01:56:58
386,Springdale,36.1867,-94.1288,39.2,93,90,13.87,US,2021-01-07 01:55:41
387,Mayo,38.8876,-76.5119,39.99,69,90,6.93,US,2021-01-07 01:56:29
388,Yumen,40.2833,97.2,0.19,70,82,3.0,CN,2021-01-07 01:56:59
389,Lerwick,60.1545,-1.1494,44.6,93,75,13.87,GB,2021-01-07 01:56:59
390,Toora-Khem,52.4675,96.11,-18.53,84,100,1.41,RU,2021-01-07 01:56:59
391,Sao Filipe,14.8961,-24.4956,74.17,74,0,6.98,CV,2021-01-07 01:57:00
392,Kalawit,8.0667,122.5167,81.99,79,100,12.33,PH,2021-01-07 01:57:00
393,Bilibino,68.0546,166.4372,-18.98,85,100,3.53,RU,2021-01-07 01:57:01
394,Jilib,0.4883,42.7854,69.06,94,0,4.38,SO,2021-01-07 01:57:01
395,Chuy,-33.6971,-53.4616,70.83,92,100,8.88,UY,2021-01-07 01:57:01
396,Clyde River,70.4692,-68.5914,-18.4,75,1,16.11,CA,2021-01-07 01:57:01
397,Mao,39.8885,4.2658,42.8,81,100,6.93,ES,2021-01-07 01:57:02
398,Aykhal,66.0,111.5,14.0,92,90,8.95,RU,2021-01-07 01:57:02
399,Coquimbo,-29.9533,-71.3436,59.0,82,7,8.05,CL,2021-01-07 01:57:02
400,Malchin,53.7333,12.7833,33.01,96,90,1.12,DE,2021-01-07 01:57:03
401,Atar,20.5169,-13.0499,69.51,37,88,2.01,MR,2021-01-07 01:57:03
402,Aborlan,9.4352,118.5492,82.4,74,40,6.93,PH,2021-01-07 01:57:03
403,Ocean City,39.2776,-74.5746,36.0,69,1,9.17,US,2021-01-07 01:57:04
404,Bowen,-20.0167,148.2333,77.0,94,90,5.82,AU,2021-01-07 01:57:04
405,La Ronge,55.1001,-105.2842,24.8,85,97,2.24,CA,2021-01-07 01:57:04
406,Todos Santos,23.45,-110.2167,68.0,76,100,1.99,MX,2021-01-07 01:57:04
407,Mazamari,-11.3258,-74.5308,69.15,82,87,1.14,PE,2021-01-07 01:57:05
408,La Massana,42.5667,1.4833,21.99,68,80,0.49,AD,2021-01-07 01:57:05
409,Shelopugino,51.6514,117.5599,-25.37,79,42,2.62,RU,2021-01-07 01:57:05
410,Amambai,-23.1042,-55.2258,71.64,96,86,8.19,BR,2021-01-07 01:57:05
411,Muisne,0.6,-80.0333,76.26,79,99,4.27,EC,2021-01-07 01:57:05
412,Te Anau,-45.4167,167.7167,58.05,89,100,4.25,NZ,2021-01-07 01:57:06
413,Vestmanna,62.1564,-7.1664,35.6,64,100,19.46,FO,2021-01-07 01:57:06
414,Xapuri,-10.6517,-68.5044,71.31,97,100,0.36,BR,2021-01-07 01:57:06
415,Pisco,-13.7,-76.2167,71.6,83,40,6.93,PE,2021-01-07 01:54:41
416,Walvis Bay,-22.9575,14.5053,66.99,92,0,1.99,NA,2021-01-07 01:57:07
417,Calabozo,8.9242,-67.4293,81.43,63,88,9.01,VE,2021-01-07 01:57:07
418,Ustka,54.5805,16.8619,34.93,88,100,7.09,PL,2021-01-07 01:57:07
419,Jaciara,-15.9653,-54.9683,73.69,86,99,2.3,BR,2021-01-07 01:53:35
420,Terrell,32.736,-96.2753,48.2,81,90,11.41,US,2021-01-07 01:57:07
421,Koilas,37.4095,23.1147,53.19,70,48,4.07,GR,2021-01-07 01:57:08
422,Jumla,29.2747,82.1838,35.58,63,0,3.76,NP,2021-01-07 01:57:08
423,Turayf,31.6725,38.6637,42.8,81,40,6.93,SA,2021-01-07 01:57:08
424,Salym,60.0625,71.4789,-17.1,84,54,4.76,RU,2021-01-07 01:57:08
425,Sabang,5.8933,95.3214,81.91,81,79,16.26,ID,2021-01-07 01:57:09
426,Whitianga,-36.8333,175.7,77.56,45,99,9.55,NZ,2021-01-07 01:57:09
427,Cabedelo,-6.9811,-34.8339,78.8,78,20,6.93,BR,2021-01-07 01:57:09
428,Matara,5.9485,80.5353,76.14,86,100,4.56,LK,2021-01-07 01:57:09
429,Magadan,59.5667,150.8,-5.84,80,0,4.56,RU,2021-01-07 01:57:09
430,Atambua,-9.1061,124.8925,83.34,69,97,0.54,ID,2021-01-07 01:57:10
431,Omsukchan,62.5333,155.8,-20.7,86,93,1.57,RU,2021-01-07 01:57:10
432,Lake City,30.1897,-82.6393,50.0,76,1,5.86,US,2021-01-07 01:57:10
433,Sao Gabriel Da Cachoeira,-0.1303,-67.0892,74.43,97,100,1.25,BR,2021-01-07 01:57:10
434,Puerto Quijarro,-17.7833,-57.7667,74.5,93,100,2.26,BO,2021-01-07 01:57:11
435,Yuli,9.6989,10.2744,73.72,19,60,6.58,NG,2021-01-07 01:57:11
436,Aripuana,-9.1667,-60.6333,74.01,92,100,1.3,BR,2021-01-07 01:57:11
437,Amahai,-3.3333,128.9167,81.43,74,100,3.67,ID,2021-01-07 01:52:36
438,Nemuro,43.3236,145.575,21.2,85,75,9.17,JP,2021-01-07 01:57:12
439,Umba,66.6871,34.3429,16.75,96,100,4.03,RU,2021-01-07 01:57:12
440,Prieska,-29.6641,22.7474,75.0,50,0,6.91,ZA,2021-01-07 01:57:12
441,Jieshi,22.8134,115.8257,57.99,67,100,3.0,CN,2021-01-07 01:57:12
442,Yar-Sale,66.8333,70.8333,-10.64,89,89,19.37,RU,2021-01-07 01:57:13
443,Sobolevo,54.4299,31.8996,27.32,98,82,5.26,RU,2021-01-07 01:57:13
444,Kilingi-Nomme,58.1503,24.9642,25.41,96,99,8.34,EE,2021-01-07 01:57:13
445,Le Passage,44.2014,0.6028,26.6,100,90,2.24,FR,2021-01-07 01:57:14
446,Vyartsilya,62.1764,30.693,12.02,96,69,5.55,RU,2021-01-07 01:57:14
447,Lazaro Cardenas,17.9583,-102.2,73.81,81,43,2.73,MX,2021-01-07 01:57:14
448,Pontian Kecil,1.4801,103.3899,77.0,94,20,3.36,MY,2021-01-07 01:57:14
449,Delta,5.5,6.0,76.6,91,69,2.75,NG,2021-01-07 01:57:15
450,Ribeira Brava,32.65,-17.0667,64.4,77,40,10.29,PT,2021-01-07 01:57:15
451,Killin,33.6123,-91.7412,50.0,57,90,8.05,US,2021-01-07 01:57:15
452,Eydhafushi,5.1033,73.0708,81.25,75,100,5.12,MV,2021-01-07 01:57:15
453,Sola,-13.8833,167.55,83.03,76,100,12.8,VU,2021-01-07 01:57:16
454,Karonga,-9.9333,33.9333,73.99,77,33,2.75,MW,2021-01-07 01:57:16
455,Doka,13.5167,35.7667,66.56,57,0,9.55,SD,2021-01-07 01:57:16
456,Hudiksvall,61.729,17.1036,25.79,97,100,4.9,SE,2021-01-07 01:57:16
457,Fare,-16.7,-151.0167,81.86,70,12,10.0,PF,2021-01-07 01:57:17
458,Sumbe,-11.2061,13.8437,74.26,84,100,5.88,AO,2021-01-07 01:57:17
459,Bajil,15.0584,43.2851,72.27,73,0,1.23,YE,2021-01-07 01:57:17
460,Yongan,39.6957,113.6871,-5.12,63,78,19.37,CN,2021-01-07 01:57:17
461,Dabola,10.75,-11.1167,68.25,25,0,2.1,GN,2021-01-07 01:57:18
462,Kropotkin,45.4375,40.5756,39.45,86,0,6.78,RU,2021-01-07 01:57:18
463,Timra,62.487,17.3257,25.0,92,99,8.05,SE,2021-01-07 01:57:19
464,Sarangani,5.4033,125.4636,80.35,78,100,6.69,PH,2021-01-07 01:57:19
465,West Bay,19.3667,-81.4167,78.01,78,20,3.36,KY,2021-01-07 01:52:48
466,Taoudenni,22.6783,-3.9836,73.17,27,100,6.73,ML,2021-01-07 01:57:20
467,Abalak,58.1286,68.5944,-18.47,89,76,5.59,RU,2021-01-07 01:57:20
468,Buraydah,26.326,43.975,55.4,82,75,10.29,SA,2021-01-07 01:57:20
469,Samarai,-10.6167,150.6667,85.82,69,45,13.53,PG,2021-01-07 01:57:20
470,Issoire,45.55,3.25,32.0,95,90,2.24,FR,2021-01-07 01:57:21
471,Lgov,51.6307,35.2775,32.0,94,100,1.99,RU,2021-01-07 01:57:21
472,Nantong,32.0303,120.8747,25.0,38,77,3.0,CN,2021-01-07 01:57:21
473,Salinas,36.6777,-121.6555,64.4,36,75,6.93,US,2021-01-07 01:57:03
474,Vyritsa,59.4078,30.3481,26.6,86,90,11.18,RU,2021-01-07 01:57:22
475,Traralgon,-38.1833,146.5333,66.99,71,48,5.99,AU,2021-01-07 01:57:22
476,Teahupoo,-17.8333,-149.2667,84.2,66,75,3.36,PF,2021-01-07 01:57:22
477,Ghanzi,-21.5667,21.7833,76.71,57,75,7.78,BW,2021-01-07 01:57:22
478,Igunga,-4.2833,33.8833,66.22,89,76,2.39,TZ,2021-01-07 01:57:23
479,Teguldet,57.3064,88.1667,-19.37,82,90,3.33,RU,2021-01-07 01:57:23
480,Pundaguitan,6.3711,126.1689,80.67,78,85,8.75,PH,2021-01-07 01:57:23
481,Henties Bay,-22.116,14.2845,66.99,92,0,1.99,NA,2021-01-07 01:57:24
482,Anchorage,61.2181,-149.9003,30.0,79,20,3.36,US,2021-01-07 01:57:09
483,Dauphin,51.1494,-100.0502,28.17,88,100,9.44,CA,2021-01-07 01:57:24
484,Wanning,18.8003,110.3967,67.66,86,100,12.24,CN,2021-01-07 01:57:24
485,Narimanov,46.6927,47.8498,32.0,91,75,15.66,RU,2021-01-07 01:57:25
486,Hun,29.1268,15.9477,57.7,50,82,6.91,LY,2021-01-07 01:57:25
487,Saint Anthony,45.0205,-93.218,28.4,74,1,4.7,US,2021-01-07 01:57:25
488,Igarka,67.4667,86.5833,-14.28,88,100,13.15,RU,2021-01-07 01:57:25
489,Bajitpur,24.2167,90.95,68.0,87,20,2.66,BD,2021-01-07 01:57:26
490,Nagua,19.3832,-69.8474,69.66,67,0,4.41,DO,2021-01-07 01:57:26
491,Olbia,40.9214,9.4856,41.0,86,0,10.29,IT,2021-01-07 01:57:26
492,Norden,53.6,7.2,35.01,87,100,1.01,DE,2021-01-07 01:57:26
493,Tete,-16.1564,33.5867,78.8,94,75,4.7,MZ,2021-01-07 01:57:27
494,Kalofer,42.6167,24.9833,37.4,100,75,4.7,BG,2021-01-07 01:57:27
495,Puerto Penasco,31.3167,-113.5333,63.0,59,79,3.0,MX,2021-01-07 01:57:27
496,Thinadhoo,0.5333,72.9333,82.74,79,64,13.2,MV,2021-01-07 01:57:27
497,Aljezur,37.3191,-8.8033,43.0,7,100,5.99,PT,2021-01-07 01:57:28
498,Bathsheba,13.2167,-59.5167,77.0,88,75,13.87,BB,2021-01-07 01:57:28
499,Maralal,1.0968,36.698,53.71,76,16,4.27,KE,2021-01-07 01:57:28
500,Ternate,0.8,127.4,82.0,75,81,3.87,ID,2021-01-07 01:57:29
501,Reitz,-27.8014,28.4273,56.48,89,29,9.84,ZA,2021-01-07 01:57:29
502,Sao Jose Da Coroa Grande,-8.8978,-35.1478,77.4,80,1,8.86,BR,2021-01-07 01:57:29
503,Nanga Eboko,4.6833,12.3667,68.81,96,86,2.89,CM,2021-01-07 01:57:29
504,Port Macquarie,-31.4333,152.9167,71.01,94,96,1.99,AU,2021-01-07 01:53:21
505,Duldurga,50.6761,113.5931,-13.77,77,0,10.56,RU,2021-01-07 01:57:30
506,Odweyne,9.4092,45.064,60.46,33,0,16.11,SO,2021-01-07 01:57:30
507,Trinidad,-14.8333,-64.9,71.37,98,100,3.51,BO,2021-01-07 01:57:30
508,Gallup,35.5281,-108.7426,39.2,30,1,3.36,US,2021-01-07 01:57:31
509,Sao Joao Da Barra,-21.6403,-41.0511,76.28,86,100,17.72,BR,2021-01-07 01:53:17
510,Chara,56.9064,118.2631,-28.66,73,59,0.63,RU,2021-01-07 01:57:31
511,Russell,32.3502,-85.1999,46.4,86,1,4.36,US,2021-01-07 01:57:31
512,La Palma,33.8464,-118.0467,61.0,82,1,4.7,US,2021-01-07 01:57:31
513,Labuhan,-6.8844,112.2051,82.51,77,99,9.51,ID,2021-01-07 01:57:32
514,Hakui,36.8833,136.7833,42.01,52,40,16.11,JP,2021-01-07 01:57:32
515,Rawson,-43.3002,-65.1023,67.46,50,11,22.82,AR,2021-01-07 01:57:32
516,Tezu,27.9167,96.1667,65.28,55,88,2.55,IN,2021-01-07 01:57:32
517,Pemangkat,1.1667,108.9667,81.64,78,71,6.87,ID,2021-01-07 01:57:32
518,Kargasok,59.0556,80.8572,-20.56,83,0,3.83,RU,2021-01-07 01:57:33
519,Sira,13.7453,76.9092,70.5,89,100,5.17,IN,2021-01-07 01:57:33
520,Kalya,12.9793,77.1806,68.0,100,90,3.36,IN,2021-01-07 01:57:33
521,Songjianghe,42.1859,127.479,-10.95,79,100,7.43,CN,2021-01-07 01:57:33
522,Beaverlodge,55.2166,-119.4361,32.0,88,20,10.29,CA,2021-01-07 01:57:34
523,Estelle,29.8458,-90.1067,59.0,93,75,8.05,US,2021-01-07 01:57:34
524,Chumphon,10.3333,98.8333,82.4,78,40,3.36,TH,2021-01-07 01:55:13
525,Tura,25.5198,90.2201,66.85,56,50,3.33,IN,2021-01-07 01:57:34
526,Rostovka,55.3842,71.8891,-19.34,88,85,5.41,RU,2021-01-07 01:57:34
527,Marzuq,14.4,46.4667,51.08,47,0,2.91,YE,2021-01-07 01:57:35
528,Tecoanapa,16.5167,-98.75,77.0,79,0,3.76,MX,2021-01-07 01:57:35
529,Nurota,40.5614,65.6886,21.2,73,90,2.24,UZ,2021-01-07 01:57:35
530,Olinda,-8.0089,-34.8553,78.8,65,40,6.93,BR,2021-01-07 01:57:35
531,Port Shepstone,-30.7414,30.455,66.51,80,0,6.49,ZA,2021-01-07 01:57:36
532,Senno,59.5336,33.9167,12.29,96,92,5.7,RU,2021-01-07 01:57:36
533,Constitucion,-35.3333,-72.4167,56.84,80,0,11.32,CL,2021-01-07 01:55:56
534,Tierralta,8.1736,-76.0592,74.16,86,98,3.98,CO,2021-01-07 01:57:36
535,Taree,-31.9,152.4667,73.4,64,90,14.99,AU,2021-01-07 01:57:36
536,San Cristobal,7.7669,-72.225,65.16,86,56,2.24,VE,2021-01-07 01:57:37
537,Vanimo,-2.6741,141.3028,87.31,59,20,4.83,PG,2021-01-07 01:57:37
538,Deputatskiy,69.3,139.9,-16.42,86,100,4.94,RU,2021-01-07 01:57:37
539,Touho,-20.7833,165.2333,80.51,84,99,14.36,NC,2021-01-07 01:57:37
540,Sangar,63.9242,127.4739,-43.92,77,100,9.44,RU,2021-01-07 01:57:38
541,Port Victoria,0.0939,33.9756,69.53,61,7,9.24,KE,2021-01-07 01:57:38
542,Namatanai,-3.6667,152.4333,86.43,64,89,5.59,PG,2021-01-07 01:57:38
543,San Luis,-33.295,-66.3356,64.31,38,0,4.83,AR,2021-01-07 01:57:38
544,Puerto Escondido,15.85,-97.0667,77.0,73,75,4.38,MX,2021-01-07 01:57:38
545,Mwene-Ditu,-7.0,23.45,67.15,98,100,4.29,CD,2021-01-07 01:57:39
546,Moindou,-21.6924,165.677,87.8,62,0,12.75,NC,2021-01-07 01:57:39
547,Ambon,-3.6954,128.1814,84.2,74,40,3.36,ID,2021-01-07 01:57:39
548,Quibdo,5.6947,-76.6611,71.47,96,93,2.26,CO,2021-01-07 01:57:39
549,Lucea,18.451,-78.1736,77.0,69,20,8.05,JM,2021-01-07 01:57:39
550,Pemberton,50.3164,-122.8027,36.0,100,90,3.71,CA,2021-01-07 01:57:40
551,Sayyan,15.1718,44.3244,38.82,73,0,4.05,YE,2021-01-07 01:57:40
552,Severnyy-Kospashskiy,59.0925,57.8008,0.0,80,100,5.99,RU,2021-01-07 01:57:40
553,Neiafu,-18.65,-173.9833,75.2,100,90,5.82,TO,2021-01-07 01:57:41
554,Barranca,-10.75,-77.7667,69.62,80,54,5.12,PE,2021-01-07 01:56:02
555,Ulaangom,49.9811,92.0667,-31.0,82,11,1.03,MN,2021-01-07 01:57:41
556,Prattville,32.464,-86.4597,44.6,75,1,4.85,US,2021-01-07 01:57:41
557,Krasnyye Tkachi,57.4926,39.7563,23.0,92,90,2.55,RU,2021-01-07 01:57:41
558,Najran,17.4924,44.1277,51.8,57,0,1.88,SA,2021-01-07 01:57:42
559,Manaus,-3.1019,-60.025,82.4,94,75,5.82,BR,2021-01-07 01:53:55
560,Champerico,14.3,-91.9167,66.0,92,0,1.01,GT,2021-01-07 01:50:37
